0,1
0.jpg,Ballasted
1.jpg,Steel
10.jpg,Shingle
100.jpg,Concrete
101.jpg,Adhered
102.jpg,Adhered
103.jpg,Adhered
104.jpg,Steel
105.jpg,Steel
106.jpg,Adhered
107.jpg,Plastic & fabric
108.jpg,Adhered
109.jpg,Shingle
11.jpg,Shingle
110.jpg,Plastic & fabric
111.jpg,Adhered
112.jpg,Adhered
113.jpg,Steel
114.jpg,Plastic & fabric
115.jpg,Steel
116.jpg,Plastic & fabric
117.jpg,Concrete
118.jpg,Ballasted
119.jpg,Steel
12.jpg,Steel
120.jpg,Steel
121.jpg,Steel
122.jpg,Shingle
123.jpg,Shingle
124.jpg,Concrete
125.jpg,Steel
126.jpg,Steel
127.jpg,Steel
128.jpg,Shingle
129.jpg,Plastic & fabric
13.jpg,Steel
130.jpg,Adhered
131.jpg,Adhered
132.jpg,Concrete
133.jpg,Concrete
134.jpg,Shingle
135.jpg,Adhered
136.jpg,Steel
137.jpg,Ballasted
138.jpg,Steel
139.jpg,Shingle
14.jpg,Shingle
140.jpg,Ballasted
141.jpg,Concrete
142.jpg,Steel
143.jpg,Adhered
144.jpg,Plastic & fabric
145.jpg,Steel
146.jpg,Adhered
147.jpg,Shingle
148.jpg,Shingle
149.jpg,Concrete
15.jpg,Steel
150.jpg,Shingle
151.jpg,Adhered
152.jpg,Steel
153.jpg,Concrete
154.jpg,Concrete
155.jpg,Plastic & fabric
156.jpg,Shingle
157.jpg,Adhered
158.jpg,Concrete
159.jpg,Concrete
16.jpg,Ballasted
160.jpg,Ballasted
161.jpg,Concrete
162.jpg,Steel
163.jpg,Steel
164.jpg,Shingle
165.jpg,Adhered
166.jpg,Plastic & fabric
167.jpg,Steel
168.jpg,Shingle
169.jpg,Steel
17.jpg,Steel
170.jpg,Concrete
171.jpg,Plastic & fabric
172.jpg,Concrete
173.jpg,Concrete
174.jpg,Plastic & fabric
175.jpg,Ballasted
176.jpg,Adhered
177.jpg,Concrete
178.jpg,Plastic & fabric
179.jpg,Steel
18.jpg,Plastic & fabric
180.jpg,Adhered
181.jpg,Ballasted
182.jpg,Plastic & fabric
183.jpg,Steel
184.jpg,Adhered
185.jpg,Plastic & fabric
186.jpg,Plastic & fabric
187.jpg,Concrete
188.jpg,Adhered
189.jpg,Steel
19.jpg,Shingle
190.jpg,Steel
191.jpg,Concrete
192.jpg,Steel
193.jpg,Concrete
194.jpg,Shingle
195.jpg,Adhered
196.jpg,Adhered
197.jpg,Shingle
198.jpg,Ballasted
199.jpg,Concrete
2.jpg,Ballasted
20.jpg,Concrete
200.jpg,Plastic & fabric
201.jpg,Concrete
202.jpg,Steel
203.jpg,Concrete
204.jpg,Adhered
205.jpg,Steel
206.jpg,Concrete
207.jpg,Shingle
208.jpg,Steel
209.jpg,Steel
21.jpg,Adhered
210.jpg,Steel
211.jpg,Adhered
212.jpg,Concrete
213.jpg,Shingle
214.jpg,Concrete
215.jpg,Steel
216.jpg,Steel
217.jpg,Steel
218.jpg,Steel
219.jpg,Adhered
22.jpg,Adhered
220.jpg,Steel
221.jpg,Concrete
222.jpg,Steel
223.jpg,Ballasted
224.jpg,Steel
225.jpg,Adhered
226.jpg,Plastic & fabric
227.jpg,Ballasted
228.jpg,Ballasted
229.jpg,Steel
23.jpg,Shingle
230.jpg,Adhered
231.jpg,Shingle
232.jpg,Steel
233.jpg,Steel
234.jpg,Ballasted
235.jpg,Plastic & fabric
236.jpg,Shingle
237.jpg,Adhered
238.jpg,Shingle
239.jpg,Steel
24.jpg,Steel
240.jpg,Plastic & fabric
241.jpg,Steel
242.jpg,Steel
243.jpg,Shingle
244.jpg,Adhered
245.jpg,Shingle
246.jpg,Adhered
247.jpg,Steel
248.jpg,Shingle
249.jpg,Concrete
25.jpg,Adhered
250.jpg,Steel
251.jpg,Adhered
252.jpg,Steel
253.jpg,Ballasted
254.jpg,Plastic & fabric
255.jpg,Shingle
256.jpg,Adhered
257.jpg,Shingle
258.jpg,Steel
259.jpg,Adhered
26.jpg,Steel
260.jpg,Steel
261.jpg,Plastic & fabric
262.jpg,Shingle
263.jpg,Adhered
264.jpg,Steel
265.jpg,Concrete
266.jpg,Shingle
267.jpg,Ballasted
268.jpg,Plastic & fabric
269.jpg,Concrete
27.jpg,Adhered
270.jpg,Adhered
271.jpg,Plastic & fabric
272.jpg,Adhered
273.jpg,Plastic & fabric
274.jpg,Shingle
275.jpg,Concrete
276.jpg,Concrete
277.jpg,Concrete
278.jpg,Steel
279.jpg,Shingle
28.jpg,Adhered
280.jpg,Steel
281.jpg,Steel
282.jpg,Concrete
283.jpg,Concrete
284.jpg,Plastic & fabric
285.jpg,Plastic & fabric
286.jpg,Ballasted
287.jpg,Steel
288.jpg,Shingle
289.jpg,Concrete
29.jpg,Adhered
290.jpg,Plastic & fabric
291.jpg,Concrete
292.jpg,Plastic & fabric
293.jpg,Adhered
294.jpg,Steel
295.jpg,Shingle
296.jpg,Adhered
297.jpg,Ballasted
298.jpg,Adhered
299.jpg,Adhered
3.jpg,Concrete
30.jpg,Steel
300.jpg,Steel
301.jpg,Ballasted
302.jpg,Concrete
303.jpg,Concrete
304.jpg,Shingle
305.jpg,Shingle
306.jpg,Shingle
307.jpg,Adhered
308.jpg,Plastic & fabric
309.jpg,Steel
31.jpg,Shingle
310.jpg,Steel
311.jpg,Steel
312.jpg,Shingle
313.jpg,Plastic & fabric
314.jpg,Steel
315.jpg,Plastic & fabric
316.jpg,Adhered
317.jpg,Plastic & fabric
318.jpg,Steel
319.jpg,Ballasted
32.jpg,Ballasted
320.jpg,Adhered
321.jpg,Adhered
322.jpg,Plastic & fabric
323.jpg,Plastic & fabric
324.jpg,Plastic & fabric
325.jpg,Adhered
326.jpg,Concrete
327.jpg,Shingle
328.jpg,Shingle
329.jpg,Adhered
33.jpg,Ballasted
330.jpg,Shingle
331.jpg,Shingle
332.jpg,Concrete
333.jpg,Adhered
334.jpg,Plastic & fabric
335.jpg,Shingle
336.jpg,Shingle
337.jpg,Plastic & fabric
338.jpg,Steel
339.jpg,Steel
34.jpg,Ballasted
340.jpg,Shingle
341.jpg,Shingle
342.jpg,Steel
343.jpg,Plastic & fabric
344.jpg,Steel
345.jpg,Steel
346.jpg,Steel
347.jpg,Shingle
348.jpg,Shingle
349.jpg,Steel
35.jpg,Steel
350.jpg,Concrete
351.jpg,Adhered
352.jpg,Steel
353.jpg,Adhered
354.jpg,Plastic & fabric
355.jpg,Steel
356.jpg,Ballasted
357.jpg,Concrete
358.jpg,Concrete
359.jpg,Plastic & fabric
36.jpg,Steel
360.jpg,Ballasted
361.jpg,Concrete
362.jpg,Concrete
363.jpg,Concrete
364.jpg,Adhered
365.jpg,Concrete
366.jpg,Plastic & fabric
367.jpg,Ballasted
368.jpg,Adhered
369.jpg,Steel
37.jpg,Shingle
370.jpg,Adhered
371.jpg,Ballasted
372.jpg,Adhered
373.jpg,Shingle
374.jpg,Plastic & fabric
375.jpg,Concrete
376.jpg,Adhered
377.jpg,Shingle
378.jpg,Concrete
379.jpg,Steel
38.jpg,Ballasted
380.jpg,Steel
381.jpg,Ballasted
382.jpg,Concrete
383.jpg,Plastic & fabric
384.jpg,Concrete
385.jpg,Adhered
386.jpg,Steel
387.jpg,Plastic & fabric
388.jpg,Shingle
389.jpg,Adhered
39.jpg,Concrete
390.jpg,Shingle
391.jpg,Steel
392.jpg,Ballasted
393.jpg,Ballasted
394.jpg,Shingle
395.jpg,Adhered
396.jpg,Concrete
397.jpg,Steel
398.jpg,Plastic & fabric
399.jpg,Ballasted
4.jpg,Steel
40.jpg,Plastic & fabric
400.jpg,Concrete
401.jpg,Plastic & fabric
402.jpg,Steel
403.jpg,Steel
404.jpg,Shingle
405.jpg,Steel
406.jpg,Steel
407.jpg,Concrete
408.jpg,Shingle
409.jpg,Plastic & fabric
41.jpg,Adhered
410.jpg,Steel
411.jpg,Concrete
412.jpg,Shingle
413.jpg,Concrete
414.jpg,Shingle
415.jpg,Plastic & fabric
416.jpg,Adhered
417.jpg,Concrete
418.jpg,Plastic & fabric
419.jpg,Shingle
42.jpg,Plastic & fabric
420.jpg,Concrete
421.jpg,Adhered
422.jpg,Concrete
423.jpg,Adhered
424.jpg,Steel
425.jpg,Concrete
426.jpg,Shingle
427.jpg,Adhered
428.jpg,Concrete
429.jpg,Steel
43.jpg,Concrete
430.jpg,Adhered
431.jpg,Steel
432.jpg,Shingle
433.jpg,Concrete
434.jpg,Plastic & fabric
435.jpg,Steel
436.jpg,Plastic & fabric
437.jpg,Ballasted
438.jpg,Adhered
439.jpg,Shingle
44.jpg,Steel
440.jpg,Steel
441.jpg,Adhered
442.jpg,Ballasted
443.jpg,Plastic & fabric
444.jpg,Steel
445.jpg,Concrete
446.jpg,Steel
447.jpg,Steel
448.jpg,Adhered
449.jpg,Adhered
45.jpg,Steel
450.jpg,Steel
451.jpg,Adhered
452.jpg,Concrete
453.jpg,Adhered
454.jpg,Steel
455.jpg,Adhered
456.jpg,Steel
457.jpg,Adhered
458.jpg,Plastic & fabric
459.jpg,Adhered
46.jpg,Adhered
460.jpg,Steel
461.jpg,Plastic & fabric
462.jpg,Ballasted
463.jpg,Concrete
464.jpg,Adhered
465.jpg,Steel
466.jpg,Shingle
467.jpg,Shingle
468.jpg,Plastic & fabric
469.jpg,Adhered
47.jpg,Plastic & fabric
470.jpg,Steel
471.jpg,Shingle
472.jpg,Adhered
473.jpg,Steel
474.jpg,Steel
475.jpg,Plastic & fabric
476.jpg,Plastic & fabric
477.jpg,Plastic & fabric
478.jpg,Shingle
479.jpg,Plastic & fabric
48.jpg,Ballasted
480.jpg,Concrete
481.jpg,Shingle
482.jpg,Plastic & fabric
483.jpg,Adhered
484.jpg,Plastic & fabric
485.jpg,Adhered
486.jpg,Adhered
487.jpg,Steel
488.jpg,Plastic & fabric
489.jpg,Adhered
49.jpg,Plastic & fabric
490.jpg,Steel
491.jpg,Ballasted
492.jpg,Plastic & fabric
493.jpg,Shingle
494.jpg,Steel
495.jpg,Steel
496.jpg,Adhered
497.jpg,Adhered
498.jpg,Concrete
499.jpg,Steel
5.jpg,Ballasted
50.jpg,Shingle
500.jpg,Steel
501.jpg,Shingle
502.jpg,Concrete
503.jpg,Concrete
504.jpg,Adhered
505.jpg,Steel
506.jpg,Concrete
507.jpg,Shingle
508.jpg,Steel
509.jpg,Shingle
51.jpg,Adhered
510.jpg,Steel
511.jpg,Ballasted
512.jpg,Plastic & fabric
513.jpg,Concrete
514.jpg,Ballasted
515.jpg,Plastic & fabric
516.jpg,Shingle
517.jpg,Adhered
518.jpg,Adhered
519.jpg,Plastic & fabric
52.jpg,Shingle
520.jpg,Concrete
521.jpg,Plastic & fabric
522.jpg,Plastic & fabric
523.jpg,Adhered
524.jpg,Steel
525.jpg,Steel
526.jpg,Concrete
527.jpg,Ballasted
528.jpg,Concrete
529.jpg,Shingle
53.jpg,Shingle
530.jpg,Concrete
531.jpg,Shingle
532.jpg,Adhered
533.jpg,Adhered
534.jpg,Steel
535.jpg,Concrete
536.jpg,Concrete
537.jpg,Concrete
538.jpg,Shingle
539.jpg,Ballasted
54.jpg,Shingle
540.jpg,Adhered
541.jpg,Ballasted
542.jpg,Shingle
543.jpg,Shingle
544.jpg,Adhered
545.jpg,Concrete
546.jpg,Concrete
547.jpg,Adhered
548.jpg,Steel
549.jpg,Plastic & fabric
55.jpg,Steel
550.jpg,Steel
551.jpg,Ballasted
552.jpg,Plastic & fabric
553.jpg,Shingle
554.jpg,Ballasted
555.jpg,Adhered
556.jpg,Steel
557.jpg,Shingle
558.jpg,Steel
559.jpg,Plastic & fabric
56.jpg,Steel
560.jpg,Concrete
561.jpg,Plastic & fabric
562.jpg,Steel
563.jpg,Plastic & fabric
564.jpg,Shingle
565.jpg,Plastic & fabric
566.jpg,Plastic & fabric
567.jpg,Concrete
568.jpg,Adhered
569.jpg,Shingle
57.jpg,Steel
570.jpg,Plastic & fabric
571.jpg,Shingle
572.jpg,Concrete
573.jpg,Adhered
574.jpg,Steel
575.jpg,Shingle
576.jpg,Adhered
577.jpg,Steel
578.jpg,Adhered
579.jpg,Steel
58.jpg,Adhered
580.jpg,Concrete
581.jpg,Concrete
582.jpg,Plastic & fabric
583.jpg,Ballasted
584.jpg,Steel
585.jpg,Steel
586.jpg,Ballasted
587.jpg,Plastic & fabric
588.jpg,Shingle
589.jpg,Adhered
59.jpg,Shingle
590.jpg,Adhered
591.jpg,Plastic & fabric
592.jpg,Steel
593.jpg,Plastic & fabric
594.jpg,Ballasted
595.jpg,Shingle
6.jpg,Concrete
60.jpg,Concrete
61.jpg,Plastic & fabric
62.jpg,Adhered
63.jpg,Concrete
64.jpg,Shingle
65.jpg,Steel
66.jpg,Plastic & fabric
67.jpg,Ballasted
68.jpg,Steel
69.jpg,Ballasted
7.jpg,Steel
70.jpg,Adhered
71.jpg,Adhered
72.jpg,Concrete
73.jpg,Plastic & fabric
74.jpg,Steel
75.jpg,Steel
76.jpg,Plastic & fabric
77.jpg,Concrete
78.jpg,Plastic & fabric
79.jpg,Steel
8.jpg,Plastic & fabric
80.jpg,Adhered
81.jpg,Adhered
82.jpg,Ballasted
83.jpg,Plastic & fabric
84.jpg,Steel
85.jpg,Plastic & fabric
86.jpg,Concrete
87.jpg,Ballasted
88.jpg,Adhered
89.jpg,Adhered
9.jpg,Steel
90.jpg,Ballasted
91.jpg,Concrete
92.jpg,Shingle
93.jpg,Plastic & fabric
94.jpg,Concrete
95.jpg,Adhered
96.jpg,Concrete
97.jpg,Adhered
98.jpg,Concrete
99.jpg,Ballasted
